model,train_score,test_score
Logistic Regression,0.6587287324520527,0.656962310990747
Bagging meta-estimator,0.9709077079319438,0.6585420898217107
AdaBoost,0.6728673941481069,0.6723588856290278
XGBoost,0.6803734646199111,0.6795180420772838
Decision Tree,0.9917291127707681,0.6234484315053035
Random Forest,0.9916956781584215,0.6735750645703252
